<?xml version="1.0"?>
<doc>
    <assembly>
        <name>AutoLot.Api</name>
    </assembly>
    <members>
        <member name="M:AutoLot.Api.Controllers.Base.BaseCrudController`2.GetAll">
            <summary>
            Gets all records
            </summary>
            <returns>All records</returns>
            <response code="200">Returns all items</response>
        </member>
        <member name="M:AutoLot.Api.Controllers.Base.BaseCrudController`2.GetOne(System.Int32)">
            <summary>
            Gets a single record
            </summary>
            <param name="id">Primary key of the record</param>
            <returns>Single record</returns>
            <response code="200">Found the record</response>
            <response code="204">No content</response>
        </member>
        <member name="M:AutoLot.Api.Controllers.Base.BaseCrudController`2.UpdateOne(System.Int32,`0)">
            <summary>
            Updates a single record
            </summary>
            <remarks>
            Sample body:
            <pre>
            {
              "Id": 1,
              "TimeStamp": "AAAAAAAAB+E="
              "MakeId": 1,
              "Color": "Black",
              "PetName": "Zippy",
              "MakeColor": "VW (Black)",
            }
            </pre>
            </remarks>
            <param name="id">Primary key of the record to update</param>
            <returns>Single record</returns>
            <response code="200">Found and updated the record</response>
            <response code="400">Bad request</response>
        </member>
        <member name="M:AutoLot.Api.Controllers.Base.BaseCrudController`2.AddOne(`0)">
            <summary>
            Adds a single record
            </summary>
            <remarks>
            Sample body:
            <pre>
            {
              "Id": 1,
              "TimeStamp": "AAAAAAAAB+E="
              "MakeId": 1,
              "Color": "Black",
              "PetName": "Zippy",
              "MakeColor": "VW (Black)",
            }
            </pre>
            </remarks>
            <returns>Added record</returns>
            <response code="201">Found and updated the record</response>
            <response code="400">Bad request</response>
        </member>
        <member name="M:AutoLot.Api.Controllers.Base.BaseCrudController`2.DeleteOne(System.Int32,`0)">
            <summary>
            Deletes a single record
            </summary>
            <remarks>
            Sample body:
            <pre>
            {
              "Id": 1,
              "TimeStamp": "AAAAAAAAB+E="
            }
            </pre>
            </remarks>
            <returns>Nothing</returns>
            <response code="200">Found and deleted the record</response>
            <response code="400">Bad request</response>
        </member>
        <member name="M:AutoLot.Api.Controllers.CarsController.GetCarsByMake(System.Nullable{System.Int32})">
            <summary>
            Gets all cars by make
            </summary>
            <returns>All cars for a make</returns>
            <param name="id">Primary key of the make</param>
            <response code="200">Returns all cars by make</response>
        </member>
    </members>
</doc>
