{
  //https://api.cdnjs.com/libraries?output=human
  //https://api.cdnjs.com/libraries/jquery?output=human
  "version": "1.0",
  "defaultProvider": "cdnjs",
  "defaultDestination": "wwwroot/lib",
  "libraries": [
    {
      "library": "jquery@3.5.1",
      "destination": "wwwroot/lib/jquery",
      "files": [ "jquery.js", "jquery.min.js" ]
    },
    {
      "library": "jquery-validate@1.19.2",
      "destination": "wwwroot/lib/jquery-validation",
      "files": [ "jquery.validate.js", "jquery.validate.min.js", "additional-methods.js", "additional-methods.min.js" ]
    },
    {
      "library": "jquery-validation-unobtrusive@3.2.11",
      "destination": "wwwroot/lib/jquery-validation-unobtrusive",
      "files": [ "jquery.validate.unobtrusive.js", "jquery.validate.unobtrusive.min.js" ]
    },
    {
      "library": "twitter-bootstrap@4.5.3",
      "destination": "wwwroot/lib/bootstrap",
      "files": [
        "css/bootstrap.css",
        "js/bootstrap.bundle.js",
        "js/bootstrap.js"
      ]
    },
    {
      "library": "font-awesome@5.15.1",
      "destination": "wwwroot/lib/font-awesome/",
      "files": [
        "js/all.js",
        "css/all.css",
        "sprites/brands.svg",
        "sprites/regular.svg",
        "sprites/solid.svg",
        "webfonts/fa-brands-400.eot",
        "webfonts/fa-brands-400.svg",
        "webfonts/fa-brands-400.ttf",
        "webfonts/fa-brands-400.woff",
        "webfonts/fa-brands-400.woff2",
        "webfonts/fa-regular-400.eot",
        "webfonts/fa-regular-400.svg",
        "webfonts/fa-regular-400.ttf",
        "webfonts/fa-regular-400.woff",
        "webfonts/fa-regular-400.woff2",
        "webfonts/fa-solid-900.eot",
        "webfonts/fa-solid-900.svg",
        "webfonts/fa-solid-900.ttf",
        "webfonts/fa-solid-900.woff",
        "webfonts/fa-solid-900.woff2"
      ]
    }
  ]
}